id,first_name,last_name,email,gender,address
1,Roy,Freeman,rfreeman0@bloglovin.com,Male,18431 Chinook Trail
2,Kathleen,Wagner,kwagner1@netscape.com,Female,2296 Kensington Lane
3,Sandra,Austin,saustin2@wikia.com,Female,4 Oxford Plaza
4,Marilyn,Kim,mkim3@tinypic.com,Female,64077 Lake View Center
5,Patrick,Crawford,pcrawford4@home.pl,Male,20 Pawling Park
6,Robert,Cox,rcox5@independent.co.uk,Male,79 Jackson Circle
7,Shawn,Nguyen,snguyen6@acquirethisname.com,Male,9 Jana Avenue
8,Rachel,Perez,rperez7@dot.gov,Female,055 Fuller Street
9,Mildred,Berry,mberry8@flickr.com,Female,33652 Tomscot Park
10,Anthony,Johnson,ajohnson9@java.com,Male,23 Sundown Pass
11,Jerry,Baker,jbakera@hud.gov,Male,55 Daystar Drive
12,Julie,Woods,jwoodsb@networkadvertising.org,Female,8 Melody Terrace
13,Sarah,Riley,srileyc@ow.ly,Female,24590 Mayfield Avenue
14,Anthony,Mills,amillsd@aboutads.info,Male,119 Daystar Road
15,Douglas,Harrison,dharrisone@usa.gov,Male,259 Graceland Court
16,Kathleen,Reyes,kreyesf@pen.io,Female,87 Moose Court
17,Steve,Graham,sgrahamg@tinypic.com,Male,787 Memorial Avenue
18,Judith,Gibson,jgibsonh@themeforest.net,Female,5035 Saint Paul Circle
19,Earl,Turner,eturneri@oracle.com,Male,11074 Monument Way
20,Laura,West,lwestj@vinaora.com,Female,42 Crescent Oaks Parkway
21,Jack,Anderson,jandersonk@vkontakte.ru,Male,1 Nova Circle
22,Robin,Johnson,rjohnsonl@ox.ac.uk,Female,45 Fuller Hill
23,Kathleen,Gibson,kgibsonm@cnn.com,Female,9436 Luster Lane
24,Sharon,Bell,sbelln@tripadvisor.com,Female,55570 Daystar Point
25,Lawrence,Martinez,lmartinezo@jimdo.com,Male,527 Fisk Trail
26,Teresa,Bailey,tbaileyp@arizona.edu,Female,87323 Mifflin Terrace
27,Cynthia,James,cjamesq@house.gov,Female,117 Bultman Lane
28,Kenneth,Owens,kowensr@reference.com,Male,40861 Cardinal Point
29,Alice,Banks,abankss@sakura.ne.jp,Female,63 Delaware Avenue
30,Gloria,Garrett,ggarrettt@instagram.com,Female,5440 Sunbrook Point
31,William,Flores,wfloresu@dot.gov,Male,1 Grover Avenue
32,Rose,Anderson,randersonv@fotki.com,Female,4 Waubesa Alley
33,Joan,Wright,jwrightw@mac.com,Female,469 Spaight Street
34,Gary,Parker,gparkerx@fastcompany.com,Male,52 Laurel Alley
35,Matthew,Weaver,mweavery@nyu.edu,Male,96307 Elgar Lane
36,Kimberly,Lawson,klawsonz@uiuc.edu,Female,09508 Vernon Street
37,Tammy,Tucker,ttucker10@patch.com,Female,743 Armistice Pass
38,Michael,Robinson,mrobinson11@samsung.com,Male,38354 Elgar Junction
39,Roy,Flores,rflores12@who.int,Male,7043 Sunnyside Place
40,Ernest,Austin,eaustin13@delicious.com,Male,18 Karstens Way
41,Lillian,Montgomery,lmontgomery14@ocn.ne.jp,Female,63 Blackbird Hill
42,Steve,Wheeler,swheeler15@rakuten.co.jp,Male,03911 Center Alley
43,Tammy,Castillo,tcastillo16@xing.com,Female,12 Russell Circle
44,Earl,Ruiz,eruiz17@cisco.com,Male,383 Blaine Way
45,Clarence,Murray,cmurray18@wiley.com,Male,64777 Nelson Road
46,Janice,Spencer,jspencer19@cisco.com,Female,645 Donald Parkway
47,Gregory,Warren,gwarren1a@google.cn,Male,49731 Sommers Trail
48,Kelly,Franklin,kfranklin1b@wsj.com,Female,6 Utah Way
49,Norma,Wheeler,nwheeler1c@networkadvertising.org,Female,217 Elka Center
50,Louise,Frazier,lfrazier1d@about.me,Female,574 Shasta Way
51,Ralph,Payne,rpayne1e@quantcast.com,Male,22120 Riverside Lane
52,Edward,Gordon,egordon1f@hatena.ne.jp,Male,90080 Welch Street
53,Ruth,Carter,rcarter1g@gravatar.com,Female,182 International Avenue
54,Kathleen,Ellis,kellis1h@i2i.jp,Female,658 High Crossing Pass
55,Clarence,Lopez,clopez1i@yellowpages.com,Male,972 Prentice Hill
56,Katherine,Gordon,kgordon1j@i2i.jp,Female,9845 Schurz Street
57,Jose,Bennett,jbennett1k@zdnet.com,Male,0075 Northfield Pass
58,Tammy,Rose,trose1l@illinois.edu,Female,99496 Magdeline Terrace
59,Paul,Bryant,pbryant1m@livejournal.com,Male,48848 Anderson Avenue
60,Jessica,Fox,jfox1n@pen.io,Female,2 Evergreen Pass
61,Jose,Foster,jfoster1o@free.fr,Male,04705 Lake View Road
62,Philip,Ellis,pellis1p@yale.edu,Male,95 La Follette Park
63,Raymond,Matthews,rmatthews1q@youtube.com,Male,31 American Court
64,Angela,Duncan,aduncan1r@slideshare.net,Female,12604 Golf View Alley
65,Janice,Bryant,jbryant1s@ibm.com,Female,41 Dottie Avenue
66,Carolyn,George,cgeorge1t@pcworld.com,Female,91 Veith Lane
67,Matthew,Lee,mlee1u@npr.org,Male,4584 Thackeray Point
68,Joyce,Rose,jrose1v@cam.ac.uk,Female,7 Paget Circle
69,Adam,Snyder,asnyder1w@webs.com,Male,2337 Bunting Lane
70,Jimmy,Hamilton,jhamilton1x@cargocollective.com,Male,6 Grim Way
71,Robin,Carr,rcarr1y@cnet.com,Female,24997 Scoville Road
72,Ralph,Black,rblack1z@sciencedirect.com,Male,57 Vera Avenue
73,Eric,Henderson,ehenderson20@biblegateway.com,Male,9749 Donald Place
74,Julie,Carpenter,jcarpenter21@telegraph.co.uk,Female,347 Harbort Center
75,Katherine,Myers,kmyers22@webmd.com,Female,13354 Express Circle
76,Michael,Wood,mwood23@yelp.com,Male,297 Moulton Court
77,Henry,Stewart,hstewart24@blogtalkradio.com,Male,61 Crowley Road
78,Andrea,Simpson,asimpson25@aboutads.info,Female,02 Elgar Alley
79,Helen,Hansen,hhansen26@yahoo.co.jp,Female,57 Bluestem Alley
80,Antonio,Kelley,akelley27@nature.com,Male,39 Calypso Road
81,Susan,Mills,smills28@nasa.gov,Female,55077 Shoshone Junction
82,Robert,Clark,rclark29@npr.org,Male,9362 Kinsman Circle
83,Julia,Wallace,jwallace2a@mapy.cz,Female,21329 Cottonwood Junction
84,Nicholas,Garcia,ngarcia2b@facebook.com,Male,50265 Northport Alley
85,Emily,Morgan,emorgan2c@biblegateway.com,Female,0350 Havey Point
86,Sharon,Harris,sharris2d@list-manage.com,Female,296 Hayes Place
87,Melissa,Gardner,mgardner2e@arstechnica.com,Female,138 Portage Center
88,Shawn,Hernandez,shernandez2f@macromedia.com,Male,48 Magdeline Trail
89,Jason,Reed,jreed2g@clickbank.net,Male,4 Huxley Plaza
90,Rachel,Cook,rcook2h@google.ru,Female,82 Drewry Lane
91,Paula,Lawson,plawson2i@cnet.com,Female,3 Carioca Plaza
92,Ruby,Sanders,rsanders2j@woothemes.com,Female,1 Bellgrove Circle
93,Cynthia,Collins,ccollins2k@dropbox.com,Female,5 Troy Circle
94,Kevin,Cruz,kcruz2l@whitehouse.gov,Male,1 Reinke Road
95,Donna,Pierce,dpierce2m@hatena.ne.jp,Female,49 Loftsgordon Plaza
96,Antonio,Burns,aburns2n@sina.com.cn,Male,983 Montana Way
97,Janet,Stephens,jstephens2o@reference.com,Female,232 Merchant Hill
98,Steve,Bowman,sbowman2p@wp.com,Male,0729 Mcguire Center
99,Lawrence,Franklin,lfranklin2q@fotki.com,Male,844 Cascade Center
100,Adam,Wells,awells2r@wikimedia.org,Male,7882 Fairview Street
101,Ralph,Fernandez,rfernandez2s@bing.com,Male,34 Mandrake Road
102,Amanda,Harvey,aharvey2t@boston.com,Female,81 Derek Crossing
103,Sarah,Stone,sstone2u@google.nl,Female,178 Maple Wood Avenue
104,Julie,Rice,jrice2v@go.com,Female,023 Steensland Avenue
105,Sara,Alvarez,salvarez2w@tiny.cc,Female,18 Pankratz Avenue
106,Anne,Evans,aevans2x@harvard.edu,Female,8295 Prentice Terrace
107,Nancy,Gordon,ngordon2y@wunderground.com,Female,9 Lerdahl Street
108,Linda,Stanley,lstanley2z@ted.com,Female,6 Emmet Circle
109,Dennis,Green,dgreen30@engadget.com,Male,444 Lillian Trail
110,Wanda,Gilbert,wgilbert31@home.pl,Female,9575 Anthes Avenue
111,Willie,Porter,wporter32@techcrunch.com,Male,69830 Troy Circle
112,Julie,Hart,jhart33@eepurl.com,Female,88 7th Drive
113,Christina,Ford,cford34@reuters.com,Female,798 Mendota Parkway
114,Harold,Gordon,hgordon35@mlb.com,Male,491 Ludington Avenue
115,Lawrence,Stewart,lstewart36@deliciousdays.com,Male,00 Daystar Place
116,Phyllis,Morrison,pmorrison37@domainmarket.com,Female,26513 Gulseth Avenue
117,Jeremy,Hansen,jhansen38@google.cn,Male,83 Cottonwood Plaza
118,Jacqueline,Simpson,jsimpson39@wix.com,Female,4403 Mitchell Terrace
119,Anthony,Moreno,amoreno3a@shareasale.com,Male,48040 Warbler Pass
120,Barbara,Simpson,bsimpson3b@bbb.org,Female,34 Heffernan Lane
121,Eric,Montgomery,emontgomery3c@nbcnews.com,Male,38 Drewry Plaza
122,Nicole,Lane,nlane3d@gravatar.com,Female,5055 Barnett Court
123,Tina,Ruiz,truiz3e@ovh.net,Female,3109 Huxley Park
124,Carlos,Jacobs,cjacobs3f@comsenz.com,Male,6 Springview Circle
125,Wayne,Edwards,wedwards3g@nba.com,Male,9 Mallory Junction
126,Bonnie,Gray,bgray3h@usgs.gov,Female,05 Southridge Center
127,Roger,Thomas,rthomas3i@disqus.com,Male,90 Saint Paul Court
128,Phillip,Stephens,pstephens3j@time.com,Male,305 Hanson Junction
129,William,Ryan,wryan3k@japanpost.jp,Male,7015 Evergreen Parkway
130,Brandon,Richards,brichards3l@google.cn,Male,9970 Maple Center
131,Douglas,Martinez,dmartinez3m@gov.uk,Male,28918 Bay Way
132,Steven,Murphy,smurphy3n@privacy.gov.au,Male,3 Fairview Crossing
133,Robin,Simmons,rsimmons3o@squarespace.com,Female,4659 Westport Trail
134,Albert,Hanson,ahanson3p@wiley.com,Male,72439 Anhalt Park
135,Bobby,Morgan,bmorgan3q@linkedin.com,Male,4 Old Shore Crossing
136,Christine,Ford,cford3r@imgur.com,Female,752 Parkside Lane
137,Douglas,Weaver,dweaver3s@hc360.com,Male,303 Ramsey Parkway
138,Donna,Simmons,dsimmons3t@prweb.com,Female,850 Golden Leaf Pass
139,Ryan,Morrison,rmorrison3u@istockphoto.com,Male,61 Becker Parkway
140,Alan,Fuller,afuller3v@smugmug.com,Male,59577 East Street
141,Charles,Cooper,ccooper3w@ustream.tv,Male,1 Maryland Plaza
142,Joe,Gonzalez,jgonzalez3x@answers.com,Male,25 Kropf Junction
143,Julie,Crawford,jcrawford3y@macromedia.com,Female,4535 Continental Crossing
144,Wayne,Ray,wray3z@elpais.com,Male,6 American Ash Junction
145,Jennifer,Gordon,jgordon40@google.com.br,Female,0606 Jenifer Drive
146,Adam,Bell,abell41@youku.com,Male,8329 Kenwood Plaza
147,Nancy,Banks,nbanks42@barnesandnoble.com,Female,48 Division Pass
148,Jose,Adams,jadams43@hc360.com,Male,3192 Tennessee Drive
149,Keith,Allen,kallen44@nationalgeographic.com,Male,08374 Sachtjen Parkway
150,Kevin,Powell,kpowell45@prweb.com,Male,52050 Moose Street
151,Andrew,Bennett,abennett46@cloudflare.com,Male,24258 Hintze Hill
152,Kimberly,Kim,kkim47@nytimes.com,Female,21 Novick Street
153,Sarah,Long,slong48@dion.ne.jp,Female,5124 Jenna Way
154,Edward,Nguyen,enguyen49@marketwatch.com,Male,5 Muir Lane
155,Fred,Sanchez,fsanchez4a@biblegateway.com,Male,9 Eastwood Plaza
156,Bonnie,Kim,bkim4b@addtoany.com,Female,391 Memorial Lane
157,Catherine,Snyder,csnyder4c@hhs.gov,Female,264 Logan Center
158,Theresa,Meyer,tmeyer4d@sohu.com,Female,1321 Laurel Pass
159,Shawn,Rivera,srivera4e@hexun.com,Male,824 Columbus Place
160,Jane,Richards,jrichards4f@virginia.edu,Female,2 Dennis Pass
161,Nicholas,Ramirez,nramirez4g@skype.com,Male,5 Bayside Crossing
162,Howard,Mcdonald,hmcdonald4h@nytimes.com,Male,47 Maryland Court
163,Diana,Dunn,ddunn4i@npr.org,Female,70463 Utah Trail
164,Lori,Turner,lturner4j@wunderground.com,Female,8 Hoffman Hill
165,Aaron,Mitchell,amitchell4k@fc2.com,Male,1341 Hayes Lane
166,Pamela,Mills,pmills4l@cdbaby.com,Female,4 Fairview Alley
167,Raymond,Richardson,rrichardson4m@etsy.com,Male,1113 Aberg Trail
168,Ann,Long,along4n@merriam-webster.com,Female,78 Rutledge Road
169,Gregory,Perkins,gperkins4o@dion.ne.jp,Male,21432 Bobwhite Point
170,Nicole,Hunter,nhunter4p@skype.com,Female,4 Crest Line Avenue
171,Donald,Barnes,dbarnes4q@usa.gov,Male,4 Ridgeview Drive
172,Melissa,Taylor,mtaylor4r@wunderground.com,Female,21 Helena Pass
173,Carolyn,Lawrence,clawrence4s@yale.edu,Female,95588 Sundown Center
174,Philip,Thomas,pthomas4t@noaa.gov,Male,7214 Sunfield Hill
175,Ronald,Mcdonald,rmcdonald4u@noaa.gov,Male,6 Cascade Road
176,Ralph,Rice,rrice4v@nyu.edu,Male,5758 Warrior Plaza
177,Thomas,Hamilton,thamilton4w@zimbio.com,Male,61585 Nancy Junction
178,Henry,Bryant,hbryant4x@about.me,Male,145 Shelley Terrace
179,Julia,Hicks,jhicks4y@tuttocitta.it,Female,14 Northfield Avenue
180,Martin,Fields,mfields4z@sbwire.com,Male,92 Summerview Street
181,Heather,Olson,holson50@ameblo.jp,Female,7 Dahle Court
182,Katherine,Schmidt,kschmidt51@seattletimes.com,Female,2 Express Point
183,Albert,Hunter,ahunter52@state.tx.us,Male,54790 Claremont Circle
184,Diana,Jordan,djordan53@comcast.net,Female,90 Birchwood Junction
185,Jeffrey,Hanson,jhanson54@ebay.co.uk,Male,0 Crownhardt Avenue
186,Joan,Wood,jwood55@imageshack.us,Female,77 Nevada Crossing
187,Catherine,Shaw,cshaw56@ustream.tv,Female,1898 Gulseth Parkway
188,Ernest,Ford,eford57@technorati.com,Male,037 Prairieview Lane
189,Larry,Rodriguez,lrodriguez58@pcworld.com,Male,4 Montana Road
190,Terry,Graham,tgraham59@github.com,Male,800 6th Place
191,Adam,Gomez,agomez5a@amazon.co.jp,Male,9621 Autumn Leaf Center
192,Philip,Martinez,pmartinez5b@goo.gl,Male,1 Oriole Way
193,Norma,Webb,nwebb5c@is.gd,Female,5 Hanover Lane
194,Deborah,Kim,dkim5d@uiuc.edu,Female,081 Annamark Junction
195,Antonio,Gray,agray5e@slate.com,Male,72 Loomis Junction
196,Linda,Walker,lwalker5f@blogs.com,Female,882 Texas Junction
197,Martha,Richardson,mrichardson5g@pen.io,Female,2 Loeprich Alley
198,Norma,Sanchez,nsanchez5h@aol.com,Female,720 Erie Hill
199,Larry,Warren,lwarren5i@cornell.edu,Male,0194 Melody Place
200,Phillip,Banks,pbanks5j@dailymail.co.uk,Male,98252 Reinke Avenue
201,Nicole,Dunn,ndunn5k@php.net,Female,901 Knutson Pass
202,Michael,Hill,mhill5l@shutterfly.com,Male,69656 Buhler Crossing
203,Theresa,Scott,tscott5m@unc.edu,Female,5 Jackson Parkway
204,Carol,Gardner,cgardner5n@wikimedia.org,Female,70842 Havey Place
205,Mark,Hunter,mhunter5o@marriott.com,Male,2807 Dwight Court
206,Stephanie,Campbell,scampbell5p@goodreads.com,Female,7 Lawn Circle
207,Deborah,Baker,dbaker5q@telegraph.co.uk,Female,67924 Anzinger Avenue
208,Robin,Marshall,rmarshall5r@cafepress.com,Female,59677 Scofield Trail
209,Edward,Montgomery,emontgomery5s@washingtonpost.com,Male,0685 Macpherson Crossing
210,Jane,Davis,jdavis5t@moonfruit.com,Female,57012 Lunder Way
211,Debra,Hughes,dhughes5u@qq.com,Female,284 Lighthouse Bay Trail
212,Billy,Foster,bfoster5v@mapquest.com,Male,6663 Victoria Junction
213,Nancy,Barnes,nbarnes5w@narod.ru,Female,338 Memorial Point
214,Jack,Nguyen,jnguyen5x@ihg.com,Male,7661 Golden Leaf Road
215,Randy,Russell,rrussell5y@stumbleupon.com,Male,430 Loftsgordon Center
216,Theresa,Greene,tgreene5z@cpanel.net,Female,7 Kings Pass
217,Karen,Owens,kowens60@phpbb.com,Female,210 Kim Way
218,Timothy,Moore,tmoore61@clickbank.net,Male,328 Barby Alley
219,Randy,Fowler,rfowler62@w3.org,Male,9545 Miller Lane
220,Stephen,Hart,shart63@nasa.gov,Male,1226 Lake View Court
221,Bonnie,Bowman,bbowman64@meetup.com,Female,91 Anthes Place
222,Jack,Russell,jrussell65@time.com,Male,78822 Bashford Place
223,Lori,Welch,lwelch66@va.gov,Female,4370 Clarendon Parkway
224,Linda,Jenkins,ljenkins67@uiuc.edu,Female,8 Hoffman Center
225,Bruce,Wallace,bwallace68@paypal.com,Male,341 West Way
226,Gregory,Cook,gcook69@comcast.net,Male,2752 Onsgard Alley
227,Ruth,Fowler,rfowler6a@cargocollective.com,Female,546 Coolidge Avenue
228,Betty,Mccoy,bmccoy6b@symantec.com,Female,4 7th Park
229,Frances,Ford,fford6c@ucoz.ru,Female,8 Karstens Center
230,Sharon,Kennedy,skennedy6d@51.la,Female,778 Birchwood Hill
231,Harry,Murray,hmurray6e@usgs.gov,Male,7249 Holmberg Parkway
232,Martin,Williamson,mwilliamson6f@mysql.com,Male,16957 Lukken Avenue
233,Lori,Carter,lcarter6g@baidu.com,Female,24 Schlimgen Park
234,Keith,Larson,klarson6h@dailymail.co.uk,Male,26043 Jenifer Way
235,Donald,Grant,dgrant6i@webmd.com,Male,54060 Utah Park
236,Sara,Franklin,sfranklin6j@ihg.com,Female,4 School Lane
237,Benjamin,Stephens,bstephens6k@homestead.com,Male,5152 Stuart Park
238,Laura,Matthews,lmatthews6l@xinhuanet.com,Female,2228 Ludington Crossing
239,Chris,Olson,colson6m@google.co.jp,Male,592 Butterfield Pass
240,Jerry,Boyd,jboyd6n@cdbaby.com,Male,5164 5th Center
241,Deborah,Hanson,dhanson6o@blinklist.com,Female,26118 Buena Vista Park
242,Virginia,Brown,vbrown6p@google.com.br,Female,71 Sage Junction
243,Cheryl,West,cwest6q@va.gov,Female,87 Schmedeman Way
244,Bonnie,Ortiz,bortiz6r@canalblog.com,Female,2 Merrick Terrace
245,Benjamin,Burke,bburke6s@nytimes.com,Male,6770 Vahlen Terrace
246,Betty,Mason,bmason6t@joomla.org,Female,65 Everett Lane
247,Howard,Harrison,hharrison6u@fema.gov,Male,76 Fulton Street
248,Harry,Porter,hporter6v@spiegel.de,Male,4 Westport Place
249,Juan,Bennett,jbennett6w@walmart.com,Male,25 Canary Lane
250,William,Clark,wclark6x@fc2.com,Male,88292 Crownhardt Park
251,Diana,Cox,dcox6y@symantec.com,Female,5275 School Pass
252,Kimberly,Riley,kriley6z@china.com.cn,Female,1302 Clarendon Trail
253,Phyllis,Fowler,pfowler70@nifty.com,Female,095 Clove Park
254,Nicole,Fox,nfox71@storify.com,Female,348 Eggendart Trail
255,Brenda,Gonzales,bgonzales72@hibu.com,Female,1372 Beilfuss Crossing
256,Brian,Jackson,bjackson73@e-recht24.de,Male,1909 Waywood Crossing
257,Elizabeth,Welch,ewelch74@de.vu,Female,7625 Porter Center
258,Andrew,Sims,asims75@amazon.co.jp,Male,44402 Loeprich Lane
259,Nicole,Alvarez,nalvarez76@moonfruit.com,Female,7105 Schlimgen Center
260,Robin,Dean,rdean77@amazon.com,Female,31119 Red Cloud Terrace
261,Carl,Wallace,cwallace78@cloudflare.com,Male,68044 Hanson Junction
262,Carolyn,Black,cblack79@seesaa.net,Female,83258 Bowman Park
263,Stephanie,Austin,saustin7a@wordpress.org,Female,24219 Green Ridge Circle
264,Ernest,Perry,eperry7b@hugedomains.com,Male,445 Lighthouse Bay Park
265,Katherine,Bailey,kbailey7c@yandex.ru,Female,2 Butterfield Place
266,Wanda,Henderson,whenderson7d@edublogs.org,Female,21434 Mcguire Trail
267,Juan,Bishop,jbishop7e@berkeley.edu,Male,3412 Schmedeman Crossing
268,Janet,Morales,jmorales7f@uol.com.br,Female,879 Thackeray Center
269,Donna,Jacobs,djacobs7g@pen.io,Female,87 Elgar Hill
270,Linda,Allen,lallen7h@last.fm,Female,829 Novick Avenue
271,Stephanie,Oliver,soliver7i@aboutads.info,Female,82181 Eastwood Parkway
272,Frances,Thomas,fthomas7j@bloglovin.com,Female,705 Basil Parkway
273,Keith,Jacobs,kjacobs7k@cdc.gov,Male,675 Sutherland Point
274,Nancy,Hart,nhart7l@shutterfly.com,Female,9 School Way
275,Timothy,Hernandez,thernandez7m@blogtalkradio.com,Male,866 Manley Trail
276,Janet,Stanley,jstanley7n@businessweek.com,Female,8 John Wall Street
277,Andrea,Ferguson,aferguson7o@blinklist.com,Female,68 Loftsgordon Parkway
278,Benjamin,Hunt,bhunt7p@bloomberg.com,Male,8 Sachtjen Lane
279,Shawn,Frazier,sfrazier7q@gizmodo.com,Male,5044 Sheridan Drive
280,Carol,Robertson,crobertson7r@4shared.com,Female,8879 Grayhawk Terrace
281,Kimberly,Adams,kadams7s@arstechnica.com,Female,83996 Roxbury Court
282,Linda,Ward,lward7t@multiply.com,Female,7086 Ramsey Center
283,Frances,Carpenter,fcarpenter7u@walmart.com,Female,4 Summit Circle
284,Barbara,Day,bday7v@craigslist.org,Female,2621 Twin Pines Plaza
285,Ashley,Romero,aromero7w@va.gov,Female,967 Sullivan Parkway
286,Jeffrey,Daniels,jdaniels7x@unesco.org,Male,75 Meadow Ridge Point
287,Jean,Harris,jharris7y@cmu.edu,Female,45382 Dixon Hill
288,Harry,Wallace,hwallace7z@cargocollective.com,Male,86881 Packers Drive
289,Earl,Mendoza,emendoza80@yolasite.com,Male,5 Dunning Park
290,Diana,Larson,dlarson81@sourceforge.net,Female,91020 Crest Line Parkway
291,Timothy,Gonzalez,tgonzalez82@mit.edu,Male,86406 Buena Vista Street
292,Linda,Richardson,lrichardson83@geocities.com,Female,1 Brentwood Lane
293,Bobby,Howell,bhowell84@yale.edu,Male,3872 Forest Dale Terrace
294,Julie,Berry,jberry85@surveymonkey.com,Female,524 Esch Place
295,Robert,Chavez,rchavez86@wunderground.com,Male,75409 Straubel Alley
296,Diane,Lawrence,dlawrence87@ustream.tv,Female,8492 Kennedy Trail
297,Jose,Kelley,jkelley88@cargocollective.com,Male,9 School Pass
298,Laura,Smith,lsmith89@51.la,Female,59484 Oriole Center
299,Norma,Moore,nmoore8a@netscape.com,Female,29562 Glendale Lane
300,Kimberly,Burton,kburton8b@fotki.com,Female,90 Hauk Plaza
301,Rachel,Perry,rperry8c@wisc.edu,Female,41 Hintze Lane
302,Albert,White,awhite8d@scientificamerican.com,Male,810 Morrow Parkway
303,Steve,Morgan,smorgan8e@cornell.edu,Male,21 Dawn Point
304,Robert,Matthews,rmatthews8f@google.cn,Male,32 Messerschmidt Pass
305,Shirley,King,sking8g@flavors.me,Female,29 Clove Junction
306,Melissa,Russell,mrussell8h@blinklist.com,Female,0 Corry Court
307,Jason,Franklin,jfranklin8i@github.io,Male,0013 Oriole Circle
308,Dorothy,Patterson,dpatterson8j@toplist.cz,Female,7 Cherokee Terrace
309,Joseph,Woods,jwoods8k@earthlink.net,Male,88915 Anderson Point
310,Kevin,Sims,ksims8l@lulu.com,Male,3154 Melby Drive
311,Earl,Harper,eharper8m@fema.gov,Male,64862 Grover Park
312,Antonio,Sims,asims8n@samsung.com,Male,32190 Clove Crossing
313,Virginia,Riley,vriley8o@123-reg.co.uk,Female,2095 High Crossing Trail
314,Marilyn,Hamilton,mhamilton8p@blogtalkradio.com,Female,8636 Ilene Parkway
315,Shirley,Little,slittle8q@nasa.gov,Female,953 Division Trail
316,Sharon,Wood,swood8r@vkontakte.ru,Female,12251 Valley Edge Road
317,Bobby,Cook,bcook8s@geocities.com,Male,87827 Blue Bill Park Place
318,Theresa,Shaw,tshaw8t@yandex.ru,Female,6541 New Castle Way
319,Teresa,Castillo,tcastillo8u@geocities.com,Female,2 Macpherson Parkway
320,Harry,Gibson,hgibson8v@godaddy.com,Male,903 Kings Alley
321,Sara,Rose,srose8w@weibo.com,Female,295 Raven Lane
322,Laura,Mendoza,lmendoza8x@example.com,Female,33 Esch Court
323,Stephanie,Phillips,sphillips8y@yahoo.com,Female,80 Blaine Plaza
324,Gary,Moreno,gmoreno8z@vkontakte.ru,Male,4334 Forster Court
325,Elizabeth,Murphy,emurphy90@skype.com,Female,523 Kipling Road
326,Jimmy,Diaz,jdiaz91@de.vu,Male,52035 Fulton Drive
327,Martin,Arnold,marnold92@nbcnews.com,Male,747 Myrtle Lane
328,Craig,Nelson,cnelson93@nydailynews.com,Male,6 Summerview Trail
329,Carolyn,Reynolds,creynolds94@ucsd.edu,Female,343 Arizona Plaza
330,Wayne,Brown,wbrown95@slashdot.org,Male,582 Barnett Crossing
331,Tina,Ramos,tramos96@noaa.gov,Female,21 Shasta Pass
332,Joan,Larson,jlarson97@ovh.net,Female,27646 Alpine Court
333,Gerald,Harper,gharper98@xinhuanet.com,Male,66088 Amoth Junction
334,Lori,Oliver,loliver99@biglobe.ne.jp,Female,2974 Del Sol Parkway
335,Justin,Rose,jrose9a@gnu.org,Male,7545 International Point
336,Andrea,Stephens,astephens9b@seattletimes.com,Female,346 Pond Plaza
337,Randy,Reynolds,rreynolds9c@facebook.com,Male,92 Coolidge Way
338,Walter,Franklin,wfranklin9d@shinystat.com,Male,1 Kings Terrace
339,Beverly,Kelley,bkelley9e@apache.org,Female,35 Northfield Parkway
340,Stephanie,Morales,smorales9f@ucsd.edu,Female,53 Straubel Junction
341,Christine,Foster,cfoster9g@github.com,Female,4560 Lien Court
342,Jimmy,Phillips,jphillips9h@vk.com,Male,69778 Bellgrove Terrace
343,Daniel,Hart,dhart9i@hatena.ne.jp,Male,8243 Comanche Road
344,Joe,Garrett,jgarrett9j@unblog.fr,Male,5350 Schiller Street
345,Aaron,Graham,agraham9k@ihg.com,Male,3 Meadow Valley Alley
346,Steven,Fernandez,sfernandez9l@addtoany.com,Male,58 Brentwood Park
347,Adam,Garza,agarza9m@statcounter.com,Male,2144 Evergreen Crossing
348,Craig,Moore,cmoore9n@bloglines.com,Male,41 Parkside Terrace
349,Alice,Burke,aburke9o@hatena.ne.jp,Female,9987 Leroy Junction
350,Scott,Patterson,spatterson9p@shop-pro.jp,Male,45 Hazelcrest Junction
351,Katherine,Ford,kford9q@census.gov,Female,3 Aberg Avenue
352,Ronald,Cooper,rcooper9r@chron.com,Male,8615 Dawn Trail
353,Tammy,Wallace,twallace9s@webeden.co.uk,Female,56783 Blackbird Terrace
354,Bonnie,Stephens,bstephens9t@businesswire.com,Female,222 Kensington Drive
355,Helen,Willis,hwillis9u@usda.gov,Female,77218 Fremont Avenue
356,Robert,Dixon,rdixon9v@ovh.net,Male,5795 Armistice Junction
357,Benjamin,Sanchez,bsanchez9w@slashdot.org,Male,5674 Stoughton Lane
358,Carolyn,Hanson,chanson9x@hc360.com,Female,2 Anniversary Alley
359,Terry,Collins,tcollins9y@hexun.com,Male,2 Green Ridge Point
360,Emily,Sullivan,esullivan9z@oaic.gov.au,Female,12 Ohio Hill
361,Kenneth,Palmer,kpalmera0@naver.com,Male,76 Donald Drive
362,Jennifer,Little,jlittlea1@omniture.com,Female,6 Brentwood Road
363,Nicholas,Fisher,nfishera2@forbes.com,Male,6 Aberg Center
364,Kimberly,Hansen,khansena3@imdb.com,Female,655 Esker Street
365,Fred,Cole,fcolea4@yahoo.com,Male,5618 Raven Road
366,Keith,Tucker,ktuckera5@vinaora.com,Male,73 Sullivan Point
367,Barbara,Green,bgreena6@etsy.com,Female,38 Westport Terrace
368,Peter,Flores,pfloresa7@sogou.com,Male,3 Lakeland Street
369,Kathryn,Medina,kmedinaa8@rediff.com,Female,864 Debra Trail
370,Eugene,Rivera,eriveraa9@ihg.com,Male,6419 Erie Plaza
371,Mark,Robinson,mrobinsonaa@europa.eu,Male,60859 Eggendart Lane
372,Carolyn,Sanders,csandersab@bbb.org,Female,8253 Mandrake Pass
373,Roy,Cook,rcookac@sakura.ne.jp,Male,16912 Forest Dale Crossing
374,Anne,Gomez,agomezad@go.com,Female,55 Eagan Lane
375,Anne,Moore,amooreae@4shared.com,Female,80278 Del Sol Pass
376,Phyllis,Andrews,pandrewsaf@nps.gov,Female,74878 Mandrake Park
377,Irene,Perkins,iperkinsag@dyndns.org,Female,532 Warner Point
378,Debra,Webb,dwebbah@cmu.edu,Female,20353 Talmadge Crossing
379,Joe,Jones,jjonesai@blogtalkradio.com,Male,860 Little Fleur Street
380,Heather,Ruiz,hruizaj@bing.com,Female,91712 Pond Court
381,Diana,Williamson,dwilliamsonak@fastcompany.com,Female,4707 Crownhardt Avenue
382,James,Sanders,jsandersal@webmd.com,Male,6 Gulseth Circle
383,Brandon,Kelly,bkellyam@usgs.gov,Male,29 Linden Place
384,Howard,Oliver,holiveran@bbb.org,Male,3 Red Cloud Center
385,Ronald,White,rwhiteao@altervista.org,Male,77 Farragut Point
386,Wanda,White,wwhiteap@parallels.com,Female,2525 Mesta Place
387,Kenneth,Kennedy,kkennedyaq@abc.net.au,Male,844 Tony Way
388,Stephanie,Davis,sdavisar@com.com,Female,31 Eastwood Plaza
389,Paul,Boyd,pboydas@unblog.fr,Male,3625 Rieder Junction
390,Robert,Hunt,rhuntat@kickstarter.com,Male,19352 Mendota Point
391,Jacqueline,Hamilton,jhamiltonau@time.com,Female,78636 Toban Alley
392,Jason,Bowman,jbowmanav@marketwatch.com,Male,5 Hintze Pass
393,Mark,Ferguson,mfergusonaw@github.com,Male,4083 Oakridge Pass
394,Robin,George,rgeorgeax@paginegialle.it,Female,2 Londonderry Lane
395,Earl,Scott,escottay@shop-pro.jp,Male,238 Corscot Park
396,Bruce,Gray,bgrayaz@unicef.org,Male,77533 Elmside Trail
397,Jose,Allen,jallenb0@ezinearticles.com,Male,75692 Susan Crossing
398,Janice,Wheeler,jwheelerb1@vk.com,Female,87686 Farragut Pass
399,Judith,Tucker,jtuckerb2@answers.com,Female,89753 Everett Center
400,Shawn,Brown,sbrownb3@japanpost.jp,Male,2271 Kenwood Avenue
401,Brian,Webb,bwebbb4@ibm.com,Male,9 Jay Avenue
402,Beverly,Duncan,bduncanb5@edublogs.org,Female,9672 Sauthoff Plaza
403,Mark,Perez,mperezb6@cocolog-nifty.com,Male,582 Trailsway Place
404,Harold,Bowman,hbowmanb7@hostgator.com,Male,27 Comanche Pass
405,Cheryl,Morales,cmoralesb8@bbc.co.uk,Female,91314 Messerschmidt Plaza
406,Randy,Palmer,rpalmerb9@reverbnation.com,Male,796 Comanche Terrace
407,Craig,Carroll,ccarrollba@elegantthemes.com,Male,22 Buhler Lane
408,Janet,Mccoy,jmccoybb@issuu.com,Female,56113 Mifflin Court
409,Christina,Perez,cperezbc@newyorker.com,Female,3 Mitchell Alley
410,Diana,Sanders,dsandersbd@vinaora.com,Female,1 Bellgrove Plaza
411,Alice,Hernandez,ahernandezbe@cmu.edu,Female,0 Macpherson Crossing
412,Carolyn,Wheeler,cwheelerbf@flickr.com,Female,44 Lakewood Trail
413,Donald,Morgan,dmorganbg@flickr.com,Male,19140 Rockefeller Drive
414,Cheryl,Warren,cwarrenbh@pagesperso-orange.fr,Female,581 Stone Corner Court
415,John,Thompson,jthompsonbi@sina.com.cn,Male,92603 Milwaukee Place
416,Donald,Mitchell,dmitchellbj@fastcompany.com,Male,6508 4th Center
417,Shirley,Ellis,sellisbk@tinypic.com,Female,519 Canary Way
418,Diana,Howell,dhowellbl@forbes.com,Female,51 Porter Drive
419,Sharon,Clark,sclarkbm@newyorker.com,Female,66 Stuart Lane
420,Frank,Reyes,freyesbn@google.it,Male,5705 Waxwing Crossing
421,Sara,Sanders,ssandersbo@over-blog.com,Female,5060 Claremont Hill
422,Barbara,Schmidt,bschmidtbp@yandex.ru,Female,3373 Barby Plaza
423,Robert,Castillo,rcastillobq@nature.com,Male,19 Norway Maple Street
424,Jennifer,Martinez,jmartinezbr@usda.gov,Female,09308 John Wall Lane
425,Beverly,Howell,bhowellbs@umn.edu,Female,65 Lunder Point
426,Joyce,Payne,jpaynebt@newyorker.com,Female,824 Lukken Way
427,Russell,Sims,rsimsbu@twitpic.com,Male,33 Welch Hill
428,Diane,Cook,dcookbv@princeton.edu,Female,252 Havey Circle
429,Randy,Flores,rfloresbw@hc360.com,Male,8737 Hanson Alley
430,Nicole,Brown,nbrownbx@artisteer.com,Female,3 Amoth Court
431,William,Carroll,wcarrollby@dyndns.org,Male,59662 Bellgrove Road
432,Rachel,Kennedy,rkennedybz@unc.edu,Female,6419 Anzinger Drive
433,James,Lawrence,jlawrencec0@taobao.com,Male,5 Morning Avenue
434,Ernest,Jones,ejonesc1@altervista.org,Male,0 Crownhardt Crossing
435,Irene,Bradley,ibradleyc2@sitemeter.com,Female,85118 International Park
436,Kenneth,Perez,kperezc3@dropbox.com,Male,4 Rowland Lane
437,Steve,Johnson,sjohnsonc4@thetimes.co.uk,Male,03058 Ridgeway Lane
438,Adam,Wells,awellsc5@virginia.edu,Male,8 Ryan Lane
439,Frances,Ramirez,framirezc6@hhs.gov,Female,05688 Veith Street
440,Kathleen,Russell,krussellc7@squarespace.com,Female,78 Vidon Parkway
441,Joshua,Harvey,jharveyc8@dmoz.org,Male,38986 Marquette Center
442,Bobby,Gordon,bgordonc9@weibo.com,Male,5993 Union Alley
443,Jennifer,Gonzales,jgonzalesca@wikispaces.com,Female,1335 Morning Place
444,Gerald,Martin,gmartincb@lycos.com,Male,63225 La Follette Way
445,Carolyn,Miller,cmillercc@baidu.com,Female,0 Kensington Hill
446,Lisa,Davis,ldaviscd@list-manage.com,Female,7736 Hoepker Lane
447,Phyllis,Young,pyoungce@123-reg.co.uk,Female,3 Warrior Pass
448,Stephen,Berry,sberrycf@imgur.com,Male,229 Redwing Way
449,Robert,Fields,rfieldscg@vkontakte.ru,Male,8230 Kennedy Point
450,Debra,Carr,dcarrch@ezinearticles.com,Female,35 Bunting Trail
451,Maria,Bennett,mbennettci@ameblo.jp,Female,2 Upham Lane
452,Wanda,Kelley,wkelleycj@mediafire.com,Female,63 5th Way
453,Johnny,Perez,jperezck@telegraph.co.uk,Male,2742 Loftsgordon Trail
454,Julie,Bell,jbellcl@washingtonpost.com,Female,18311 Jenifer Center
455,Patricia,Hawkins,phawkinscm@rediff.com,Female,6 Steensland Avenue
456,Jack,Bennett,jbennettcn@linkedin.com,Male,28886 Russell Center
457,Jane,Ruiz,jruizco@marriott.com,Female,160 Sunnyside Road
458,Judith,Turner,jturnercp@apple.com,Female,880 Onsgard Avenue
459,Marilyn,Clark,mclarkcq@uol.com.br,Female,6 Hermina Lane
460,Frances,Pierce,fpiercecr@yahoo.com,Female,33829 Lerdahl Way
461,Jose,Thompson,jthompsoncs@merriam-webster.com,Male,7 Victoria Lane
462,Bobby,Fox,bfoxct@reuters.com,Male,979 Bayside Point
463,Christopher,Cunningham,ccunninghamcu@godaddy.com,Male,609 Bunker Hill Drive
464,Jennifer,Hanson,jhansoncv@ed.gov,Female,24737 Cherokee Crossing
465,Ann,Romero,aromerocw@google.ru,Female,3 Dunning Point
466,Emily,Bryant,ebryantcx@mozilla.org,Female,08 Moose Trail
467,Elizabeth,Wheeler,ewheelercy@ebay.co.uk,Female,588 Park Meadow Court
468,Norma,Gutierrez,ngutierrezcz@cloudflare.com,Female,880 Dayton Alley
469,Victor,Fuller,vfullerd0@tinypic.com,Male,96605 Dahle Way
470,Angela,Stanley,astanleyd1@parallels.com,Female,103 Paget Street
471,Michael,Jordan,mjordand2@sitemeter.com,Male,2 Leroy Court
472,Roy,Myers,rmyersd3@liveinternet.ru,Male,5 Dahle Trail
473,Mary,Henderson,mhendersond4@adobe.com,Female,15264 Cordelia Circle
474,Irene,Henry,ihenryd5@sitemeter.com,Female,4496 Garrison Hill
475,Sharon,Porter,sporterd6@mayoclinic.com,Female,6152 Jay Street
476,Evelyn,Austin,eaustind7@moonfruit.com,Female,4 Riverside Alley
477,Sarah,Williams,swilliamsd8@latimes.com,Female,5 Service Terrace
478,Doris,Frazier,dfrazierd9@utexas.edu,Female,16 Norway Maple Road
479,Steven,Ellis,sellisda@e-recht24.de,Male,675 Eliot Terrace
480,Douglas,Olson,dolsondb@symantec.com,Male,1076 Ronald Regan Trail
481,Stephen,Greene,sgreenedc@cdbaby.com,Male,932 6th Circle
482,Jennifer,King,jkingdd@discovery.com,Female,0 Declaration Crossing
483,Paula,Sanders,psandersde@slideshare.net,Female,2 Maple Drive
484,Kathy,Reid,kreiddf@wix.com,Female,4 Stephen Way
485,Emily,White,ewhitedg@deviantart.com,Female,0273 Twin Pines Terrace
486,John,Reynolds,jreynoldsdh@wufoo.com,Male,01215 East Center
487,Diane,Willis,dwillisdi@bbb.org,Female,9 New Castle Center
488,Martin,Duncan,mduncandj@nyu.edu,Male,7613 Little Fleur Center
489,James,Gordon,jgordondk@blogs.com,Male,0 Cody Pass
490,Anne,Austin,aaustindl@sciencedaily.com,Female,3 Drewry Trail
491,Louise,Dixon,ldixondm@vk.com,Female,05643 Barby Road
492,Marie,Rivera,mriveradn@utexas.edu,Female,49443 New Castle Lane
493,Harry,Parker,hparkerdo@spiegel.de,Male,2434 Coleman Drive
494,Mildred,Morgan,mmorgandp@ed.gov,Female,43 Straubel Circle
495,Adam,Evans,aevansdq@baidu.com,Male,7 Oakridge Avenue
496,Earl,Black,eblackdr@google.nl,Male,717 Oxford Crossing
497,Jerry,Wagner,jwagnerds@yale.edu,Male,5 Mallard Way
498,Catherine,Scott,cscottdt@google.es,Female,2082 Lake View Way
499,Sarah,Watkins,swatkinsdu@devhub.com,Female,6 Messerschmidt Point
500,Fred,Mason,fmasondv@elpais.com,Male,230 Weeping Birch Street
501,Jennifer,Cruz,jcruzdw@topsy.com,Female,517 Menomonie Terrace
502,Heather,Wagner,hwagnerdx@ted.com,Female,848 Eastwood Court
503,Jennifer,Jenkins,jjenkinsdy@blinklist.com,Female,3 Morrow Hill
504,Joseph,Willis,jwillisdz@abc.net.au,Male,2 Melrose Circle
505,Michelle,Fox,mfoxe0@latimes.com,Female,51822 Warbler Junction
506,Evelyn,Cook,ecooke1@edublogs.org,Female,235 Kenwood Junction
507,Debra,Pierce,dpiercee2@cocolog-nifty.com,Female,1798 6th Park
508,Bruce,Lawrence,blawrencee3@chron.com,Male,09061 Surrey Point
509,Emily,Payne,epaynee4@xrea.com,Female,908 Schlimgen Drive
510,Harold,Frazier,hfraziere5@barnesandnoble.com,Male,0 Anhalt Avenue
511,Martin,Long,mlonge6@photobucket.com,Male,7965 Westport Junction
512,Howard,Foster,hfostere7@cam.ac.uk,Male,04045 Homewood Junction
513,Melissa,Rodriguez,mrodrigueze8@paginegialle.it,Female,9212 Novick Pass
514,Anthony,Cox,acoxe9@wikia.com,Male,20 Crescent Oaks Trail
515,Robert,Watkins,rwatkinsea@oracle.com,Male,713 Clyde Gallagher Place
516,Gregory,Hill,ghilleb@twitter.com,Male,85 Sunfield Place
517,Ruth,Simmons,rsimmonsec@soup.io,Female,828 Ridgeway Pass
518,Roger,Henderson,rhendersoned@nih.gov,Male,84307 Anderson Alley
519,Melissa,Porter,mporteree@reverbnation.com,Female,9 Browning Point
520,Kathy,Murphy,kmurphyef@wikipedia.org,Female,2 Armistice Point
521,Joseph,Walker,jwalkereg@1688.com,Male,8536 Westerfield Center
522,Brandon,Campbell,bcampbelleh@statcounter.com,Male,5048 Macpherson Way
523,Brian,Boyd,bboydei@live.com,Male,78 Rowland Court
524,Roy,Spencer,rspencerej@washingtonpost.com,Male,51 Manitowish Pass
525,Margaret,Powell,mpowellek@meetup.com,Female,0 Larry Court
526,Frank,Fuller,ffullerel@hostgator.com,Male,06677 La Follette Parkway
527,Diana,Cooper,dcooperem@stumbleupon.com,Female,54463 Arrowood Pass
528,Justin,Moore,jmooreen@imdb.com,Male,6865 Onsgard Drive
529,Brandon,Cox,bcoxeo@shutterfly.com,Male,94459 Lighthouse Bay Trail
530,Michael,Kelly,mkellyep@zdnet.com,Male,13871 Center Lane
531,Marie,Rose,mroseeq@ted.com,Female,1667 Melody Alley
532,Kenneth,Sullivan,ksullivaner@yelp.com,Male,4 Division Street
533,Phillip,Sanchez,psanchezes@ehow.com,Male,086 Welch Junction
534,Jack,Price,jpriceet@dyndns.org,Male,26 Algoma Terrace
535,Shirley,Vasquez,svasquezeu@merriam-webster.com,Female,65130 Monument Park
536,Deborah,Griffin,dgriffinev@booking.com,Female,98 Hoepker Pass
537,Douglas,Warren,dwarrenew@bluehost.com,Male,527 Golf Court
538,Rose,Davis,rdavisex@java.com,Female,2 Heffernan Place
539,Denise,Howell,dhowelley@uiuc.edu,Female,89 Anhalt Trail
540,Nancy,Medina,nmedinaez@uiuc.edu,Female,3234 Mosinee Street
541,Dennis,Palmer,dpalmerf0@samsung.com,Male,1806 Ohio Avenue
542,Randy,Lawson,rlawsonf1@histats.com,Male,66 Daystar Circle
543,Sean,Boyd,sboydf2@smugmug.com,Male,3457 Manufacturers Lane
544,Donald,Carpenter,dcarpenterf3@cnn.com,Male,47422 Merrick Alley
545,Robin,Welch,rwelchf4@merriam-webster.com,Female,82 Farmco Avenue
546,Todd,Nelson,tnelsonf5@unesco.org,Male,402 Thackeray Hill
547,Karen,Nelson,knelsonf6@yolasite.com,Female,68492 Karstens Court
548,Gary,Ferguson,gfergusonf7@nyu.edu,Male,45 1st Center
549,Larry,Richardson,lrichardsonf8@hexun.com,Male,11458 Quincy Drive
550,Steven,Holmes,sholmesf9@weather.com,Male,87 Ludington Crossing
551,Maria,Hunter,mhunterfa@google.ru,Female,4426 Caliangt Hill
552,Judy,Payne,jpaynefb@skyrock.com,Female,8900 Lukken Avenue
553,William,Gutierrez,wgutierrezfc@columbia.edu,Male,3688 Mifflin Pass
554,Debra,Jones,djonesfd@aol.com,Female,52885 Stuart Place
555,Barbara,Rodriguez,brodriguezfe@mit.edu,Female,8603 Shoshone Terrace
556,Judy,Rose,jroseff@furl.net,Female,328 Logan Trail
557,Diane,Carpenter,dcarpenterfg@tinyurl.com,Female,93428 Westerfield Trail
558,Michael,Larson,mlarsonfh@weibo.com,Male,1 Lien Lane
559,Louise,Burton,lburtonfi@unc.edu,Female,3497 Cardinal Avenue
560,Stephen,Oliver,soliverfj@oaic.gov.au,Male,7990 Pankratz Circle
561,Michael,Moore,mmoorefk@soundcloud.com,Male,40058 Red Cloud Center
562,Aaron,Peterson,apetersonfl@admin.ch,Male,68 Clarendon Hill
563,Mark,Ellis,mellisfm@unicef.org,Male,29216 Schurz Street
564,Gregory,Wagner,gwagnerfn@sohu.com,Male,63523 Evergreen Terrace
565,Matthew,Rice,mricefo@marketwatch.com,Male,531 Linden Point
566,Russell,Johnston,rjohnstonfp@tamu.edu,Male,1 Burrows Circle
567,Benjamin,Henry,bhenryfq@last.fm,Male,9 Petterle Hill
568,Patrick,Murray,pmurrayfr@about.me,Male,46 Tennyson Drive
569,Kenneth,Cruz,kcruzfs@opera.com,Male,546 High Crossing Plaza
570,Aaron,Carr,acarrft@seattletimes.com,Male,0803 Lindbergh Pass
571,Mildred,Ross,mrossfu@livejournal.com,Female,72 Macpherson Park
572,Andrew,Griffin,agriffinfv@usgs.gov,Male,7893 Golf View Lane
573,Jonathan,Payne,jpaynefw@ucoz.com,Male,3915 Upham Road
574,Doris,Bryant,dbryantfx@wufoo.com,Female,7519 Ludington Road
575,Jonathan,Ruiz,jruizfy@webeden.co.uk,Male,9 Burrows Plaza
576,Craig,Lawson,clawsonfz@sphinn.com,Male,75325 Bunting Road
577,Scott,Ford,sfordg0@businesswire.com,Male,51297 Ramsey Circle
578,Anne,Little,alittleg1@technorati.com,Female,285 Monterey Crossing
579,Melissa,Ray,mrayg2@rakuten.co.jp,Female,970 Superior Plaza
580,Carlos,Rivera,criverag3@smh.com.au,Male,66175 Iowa Junction
581,Daniel,Porter,dporterg4@mozilla.org,Male,6 Loeprich Plaza
582,Louise,Porter,lporterg5@wikia.com,Female,7 Lien Hill
583,Judith,Mason,jmasong6@theatlantic.com,Female,6931 Brickson Park Drive
584,Robin,Lewis,rlewisg7@netlog.com,Female,6221 Chinook Center
585,Doris,Barnes,dbarnesg8@wikipedia.org,Female,2784 Pearson Court
586,Lois,Scott,lscottg9@sitemeter.com,Female,55633 Scofield Terrace
587,Amy,Morales,amoralesga@flickr.com,Female,86 Raven Street
588,Louise,Myers,lmyersgb@state.tx.us,Female,9 Meadow Valley Parkway
589,Virginia,Alexander,valexandergc@ucsd.edu,Female,17 Hovde Hill
590,Larry,Tucker,ltuckergd@multiply.com,Male,0 Portage Center
591,Phyllis,Murray,pmurrayge@eepurl.com,Female,32 Main Parkway
592,Paul,Carpenter,pcarpentergf@go.com,Male,3195 Rusk Road
593,Jeremy,Woods,jwoodsgg@miibeian.gov.cn,Male,03100 Independence Road
594,Joan,Larson,jlarsongh@gnu.org,Female,41 Laurel Plaza
595,Mark,Knight,mknightgi@multiply.com,Male,3 Melby Avenue
596,Sharon,Miller,smillergj@slashdot.org,Female,59771 Porter Crossing
597,Carl,Johnson,cjohnsongk@google.com.hk,Male,98 Erie Avenue
598,Kenneth,Gardner,kgardnergl@sina.com.cn,Male,34847 Harbort Junction
599,Nicholas,Chavez,nchavezgm@ow.ly,Male,795 Montana Circle
600,Jose,Rogers,jrogersgn@ucoz.ru,Male,8967 Summit Center
601,Alice,Wagner,awagnergo@ted.com,Female,0073 Duke Drive
602,Jimmy,Carr,jcarrgp@dropbox.com,Male,0 Declaration Crossing
603,Patrick,Duncan,pduncangq@samsung.com,Male,6114 Lyons Crossing
604,Diana,Henderson,dhendersongr@google.ru,Female,2147 Carey Avenue
605,Louis,Little,llittlegs@tmall.com,Male,239 Maryland Pass
606,Victor,Oliver,volivergt@gravatar.com,Male,19718 Crowley Street
607,Virginia,Green,vgreengu@toplist.cz,Female,4302 Shelley Street
608,Elizabeth,Hansen,ehansengv@example.com,Female,48308 Merry Drive
609,Chris,Garza,cgarzagw@ocn.ne.jp,Male,70660 Northview Hill
610,Phyllis,Welch,pwelchgx@digg.com,Female,100 La Follette Point
611,Debra,Allen,dallengy@ox.ac.uk,Female,8 Linden Lane
612,Charles,Morris,cmorrisgz@nydailynews.com,Male,90 Thompson Center
613,Roy,Lynch,rlynchh0@adobe.com,Male,4 Mallory Circle
614,Richard,Fisher,rfisherh1@w3.org,Male,0440 North Point
615,Deborah,Armstrong,darmstrongh2@sina.com.cn,Female,8 Bonner Plaza
616,Carolyn,Anderson,candersonh3@shinystat.com,Female,512 Raven Terrace
617,Patricia,Rivera,priverah4@cam.ac.uk,Female,59 Holy Cross Terrace
618,Philip,Bryant,pbryanth5@behance.net,Male,68 2nd Pass
619,Anthony,Sanders,asandersh6@state.tx.us,Male,70461 Heffernan Point
620,Kathryn,Cole,kcoleh7@ca.gov,Female,252 Tony Drive
621,Lawrence,Johnston,ljohnstonh8@mayoclinic.com,Male,59 Cottonwood Alley
622,Frances,Kelley,fkelleyh9@usgs.gov,Female,8954 Sunbrook Pass
623,Christopher,Murphy,cmurphyha@csmonitor.com,Male,4 Lotheville Parkway
624,Steve,Fisher,sfisherhb@go.com,Male,1 Nancy Street
625,Nancy,Riley,nrileyhc@cisco.com,Female,24596 Charing Cross Circle
626,Craig,Mills,cmillshd@independent.co.uk,Male,545 Kropf Court
627,Alice,Roberts,arobertshe@house.gov,Female,648 Fallview Street
628,Howard,Harrison,hharrisonhf@eventbrite.com,Male,41833 Reindahl Court
629,Sharon,Sullivan,ssullivanhg@spotify.com,Female,9 Hayes Junction
630,Aaron,Kennedy,akennedyhh@blinklist.com,Male,144 Stephen Street
631,Gregory,Daniels,gdanielshi@mapy.cz,Male,76584 Hagan Street
632,Andrea,Schmidt,aschmidthj@ameblo.jp,Female,30 Springs Lane
633,Anthony,Holmes,aholmeshk@tamu.edu,Male,142 Rutledge Junction
634,Bobby,Robinson,brobinsonhl@infoseek.co.jp,Male,8700 Chive Court
635,Gloria,Myers,gmyershm@virginia.edu,Female,2396 Redwing Parkway
636,Barbara,Torres,btorreshn@telegraph.co.uk,Female,65361 Mockingbird Crossing
637,George,Reyes,greyesho@amazonaws.com,Male,79771 Sutherland Avenue
638,Joshua,Rice,jricehp@blinklist.com,Male,4337 Colorado Court
639,Evelyn,Long,elonghq@examiner.com,Female,292 Corscot Junction
640,Jose,Fuller,jfullerhr@desdev.cn,Male,833 Lakeland Court
641,Irene,Hughes,ihugheshs@wsj.com,Female,67 Dapin Road
642,Bonnie,Howard,bhowardht@wsj.com,Female,5160 Basil Park
643,Jeffrey,Sanchez,jsanchezhu@seesaa.net,Male,0881 Springview Pass
644,Arthur,Fuller,afullerhv@dedecms.com,Male,9733 Homewood Avenue
645,John,Stanley,jstanleyhw@yelp.com,Male,0 Gina Street
646,Jeffrey,Ross,jrosshx@angelfire.com,Male,81 Magdeline Hill
647,Sharon,Lawrence,slawrencehy@hibu.com,Female,358 Tony Terrace
648,Jerry,Cook,jcookhz@miibeian.gov.cn,Male,4931 Meadow Vale Hill
649,Jerry,Russell,jrusselli0@sciencedaily.com,Male,70 Linden Lane
650,Jesse,Rice,jricei1@freewebs.com,Male,274 Manley Hill
651,Kevin,Alexander,kalexanderi2@amazon.co.uk,Male,63 Troy Court
652,Jimmy,Baker,jbakeri3@cbslocal.com,Male,73302 Waubesa Point
653,Heather,Bryant,hbryanti4@g.co,Female,40622 Pond Point
654,George,Stone,gstonei5@time.com,Male,3263 Mesta Pass
655,Henry,Martinez,hmartinezi6@booking.com,Male,6287 Truax Hill
656,Anna,Russell,arusselli7@woothemes.com,Female,6 Huxley Terrace
657,Cynthia,Lawrence,clawrencei8@google.com.br,Female,451 Vermont Court
658,Philip,Evans,pevansi9@japanpost.jp,Male,83985 Colorado Terrace
659,Shawn,Daniels,sdanielsia@omniture.com,Male,247 Anzinger Court
660,Aaron,Carpenter,acarpenterib@exblog.jp,Male,3765 Kim Way
661,Brenda,Perez,bperezic@wikia.com,Female,44 Gerald Terrace
662,Terry,Richards,trichardsid@google.it,Male,79 Green Alley
663,Rebecca,Freeman,rfreemanie@youku.com,Female,08062 School Alley
664,Angela,Roberts,arobertsif@google.com.hk,Female,1840 7th Circle
665,Melissa,Lawrence,mlawrenceig@mapy.cz,Female,205 Crescent Oaks Pass
666,Douglas,Murray,dmurrayih@theatlantic.com,Male,2105 Fallview Terrace
667,Christine,Bradley,cbradleyii@cbsnews.com,Female,492 Forest Point
668,Alan,Stewart,astewartij@cyberchimps.com,Male,0775 Old Shore Pass
669,Mark,Simpson,msimpsonik@google.ru,Male,1828 Gulseth Court
670,Jane,Dixon,jdixonil@google.com.hk,Female,46994 Lerdahl Plaza
671,Beverly,Wright,bwrightim@weather.com,Female,46 Kim Parkway
672,Alan,Romero,aromeroin@example.com,Male,29 Arizona Street
673,Rose,Lee,rleeio@bbc.co.uk,Female,0583 Fuller Plaza
674,Scott,Bailey,sbaileyip@friendfeed.com,Male,4935 Evergreen Place
675,Theresa,Gonzales,tgonzalesiq@bizjournals.com,Female,657 Clove Trail
676,Lillian,Williamson,lwilliamsonir@t.co,Female,4 Arapahoe Street
677,Alice,Stone,astoneis@java.com,Female,96 Longview Road
678,Martha,Marshall,mmarshallit@eventbrite.com,Female,412 Pennsylvania Drive
679,Gregory,Reynolds,greynoldsiu@dmoz.org,Male,3 Division Point
680,Brenda,Adams,badamsiv@google.ru,Female,2986 Steensland Plaza
681,Steve,Stewart,sstewartiw@imageshack.us,Male,70 Maple Wood Avenue
682,Alan,Daniels,adanielsix@wikipedia.org,Male,8 Mayer Alley
683,Kenneth,Gomez,kgomeziy@instagram.com,Male,3878 Eggendart Alley
684,Juan,Sanchez,jsancheziz@walmart.com,Male,5 Monument Drive
685,Robert,Flores,rfloresj0@ted.com,Male,0 Prentice Court
686,Ralph,Adams,radamsj1@reuters.com,Male,1856 Delladonna Lane
687,Randy,Martin,rmartinj2@accuweather.com,Male,44869 Sunfield Park
688,Tammy,Lopez,tlopezj3@usatoday.com,Female,2 Old Gate Trail
689,Joyce,Harvey,jharveyj4@pcworld.com,Female,7770 Schiller Plaza
690,Heather,Willis,hwillisj5@whitehouse.gov,Female,050 Fordem Alley
691,Lillian,Hart,lhartj6@netlog.com,Female,93 Dawn Parkway
692,Gerald,Stevens,gstevensj7@fastcompany.com,Male,7 Corben Circle
693,Virginia,Dunn,vdunnj8@hhs.gov,Female,6 Acker Hill
694,Willie,Gibson,wgibsonj9@google.es,Male,3661 Carberry Trail
695,Rebecca,Burke,rburkeja@so-net.ne.jp,Female,19 Kim Road
696,Joyce,Fields,jfieldsjb@amazon.de,Female,0 Dryden Lane
697,Edward,Arnold,earnoldjc@alexa.com,Male,72 Blaine Trail
698,Lillian,Carr,lcarrjd@networksolutions.com,Female,76 Truax Parkway
699,Peter,Gray,pgrayje@wufoo.com,Male,10 Judy Place
700,Melissa,Ramos,mramosjf@buzzfeed.com,Female,56 Monterey Drive
701,Eric,Phillips,ephillipsjg@goodreads.com,Male,462 Roxbury Terrace
702,George,Garrett,ggarrettjh@nhs.uk,Male,91 Upham Center
703,Kenneth,Kelly,kkellyji@shop-pro.jp,Male,29 Leroy Parkway
704,Janice,Reyes,jreyesjj@mtv.com,Female,7 Clove Alley
705,Donna,Cooper,dcooperjk@skype.com,Female,6 Onsgard Avenue
706,Nancy,Barnes,nbarnesjl@privacy.gov.au,Female,18 Welch Court
707,Steven,Davis,sdavisjm@sakura.ne.jp,Male,68179 Bonner Trail
708,Albert,Ellis,aellisjn@behance.net,Male,64693 Shoshone Pass
709,Gregory,Ryan,gryanjo@geocities.com,Male,59053 Moose Plaza
710,Jean,Lynch,jlynchjp@google.it,Female,397 Hansons Plaza
711,Christine,Cox,ccoxjq@gravatar.com,Female,43 Miller Circle
712,Richard,Hanson,rhansonjr@stanford.edu,Male,50515 Troy Park
713,Ernest,Burton,eburtonjs@php.net,Male,13 Lakewood Trail
714,Steven,Kennedy,skennedyjt@ucla.edu,Male,3 Duke Hill
715,Gloria,Taylor,gtaylorju@stumbleupon.com,Female,02 Clove Point
716,Jessica,Robertson,jrobertsonjv@cpanel.net,Female,062 Westend Alley
717,Matthew,Graham,mgrahamjw@spiegel.de,Male,931 Farmco Hill
718,Pamela,Jordan,pjordanjx@people.com.cn,Female,7781 Lyons Circle
719,David,Mason,dmasonjy@europa.eu,Male,04 Johnson Drive
720,Catherine,Jones,cjonesjz@msu.edu,Female,0843 Heath Plaza
721,Peter,Ray,prayk0@google.de,Male,7348 Mendota Center
722,Victor,Ryan,vryank1@redcross.org,Male,446 Glendale Center
723,George,Gardner,ggardnerk2@constantcontact.com,Male,3640 Forest Circle
724,Larry,Rodriguez,lrodriguezk3@go.com,Male,57 American Ash Point
725,Robin,Fuller,rfullerk4@1688.com,Female,96 Rigney Junction
726,Jacqueline,Montgomery,jmontgomeryk5@webs.com,Female,600 Burrows Crossing
727,Denise,Perez,dperezk6@techcrunch.com,Female,4719 Orin Trail
728,Gregory,Sullivan,gsullivank7@goo.ne.jp,Male,626 Raven Place
729,Jeremy,James,jjamesk8@ning.com,Male,9 David Lane
730,Shirley,Long,slongk9@diigo.com,Female,09478 Continental Park
731,Beverly,Gonzalez,bgonzalezka@live.com,Female,67 Maryland Trail
732,Justin,Flores,jfloreskb@google.cn,Male,641 Golden Leaf Place
733,Philip,Howard,phowardkc@g.co,Male,401 Kim Way
734,Janet,Fisher,jfisherkd@list-manage.com,Female,82 Spenser Place
735,Catherine,Lawrence,clawrenceke@dailymotion.com,Female,36031 Northview Hill
736,Lawrence,Ray,lraykf@last.fm,Male,81049 Walton Lane
737,Samuel,Cox,scoxkg@qq.com,Male,8316 Forster Parkway
738,Angela,Garza,agarzakh@loc.gov,Female,0 Petterle Trail
739,Karen,Pierce,kpierceki@dropbox.com,Female,2167 Di Loreto Place
740,Ruth,Hall,rhallkj@delicious.com,Female,45082 Rigney Junction
741,Martin,Duncan,mduncankk@desdev.cn,Male,3708 Walton Trail
742,Helen,Allen,hallenkl@nytimes.com,Female,464 Sutteridge Center
743,Julia,Porter,jporterkm@techcrunch.com,Female,5 Graedel Crossing
744,Bobby,Oliver,boliverkn@businessweek.com,Male,51417 American Avenue
745,Todd,Ryan,tryanko@issuu.com,Male,418 Rigney Parkway
746,Matthew,Mcdonald,mmcdonaldkp@360.cn,Male,46952 2nd Court
747,Edward,Collins,ecollinskq@europa.eu,Male,8056 Dryden Place
748,Linda,Henry,lhenrykr@godaddy.com,Female,75142 Red Cloud Parkway
749,Sandra,Stevens,sstevensks@a8.net,Female,394 Iowa Junction
750,Marie,Patterson,mpattersonkt@mozilla.com,Female,55204 Fairview Trail
751,Shirley,Harris,sharrisku@adobe.com,Female,3681 Merchant Crossing
752,Donald,Rodriguez,drodriguezkv@eventbrite.com,Male,8974 Eliot Terrace
753,Aaron,Knight,aknightkw@yolasite.com,Male,7671 Derek Avenue
754,Helen,Harrison,hharrisonkx@engadget.com,Female,6 Esker Way
755,Ernest,Brown,ebrownky@themeforest.net,Male,4 Mitchell Avenue
756,Carolyn,Barnes,cbarneskz@sciencedirect.com,Female,7 Oriole Place
757,Ruby,Gibson,rgibsonl0@biblegateway.com,Female,37 Welch Avenue
758,Marie,Greene,mgreenel1@sfgate.com,Female,87499 Sauthoff Way
759,Scott,Stone,sstonel2@columbia.edu,Male,8142 Kropf Crossing
760,Amy,Moreno,amorenol3@bbb.org,Female,78775 Melby Street
761,Nicole,Scott,nscottl4@newsvine.com,Female,52 Burrows Point
762,Ruby,Green,rgreenl5@unesco.org,Female,71 Elmside Lane
763,Louise,White,lwhitel6@cnn.com,Female,471 School Point
764,Sandra,Ross,srossl7@jimdo.com,Female,339 Veith Center
765,Aaron,Sanders,asandersl8@amazon.co.jp,Male,997 Cherokee Park
766,Rachel,Murray,rmurrayl9@google.de,Female,49 Grasskamp Parkway
767,Gloria,Sanders,gsandersla@flickr.com,Female,2381 Kenwood Terrace
768,Maria,Simpson,msimpsonlb@redcross.org,Female,46 Acker Avenue
769,Carolyn,Mendoza,cmendozalc@barnesandnoble.com,Female,2046 Derek Plaza
770,Edward,Black,eblackld@woothemes.com,Male,22916 Bluejay Pass
771,Bruce,Palmer,bpalmerle@xinhuanet.com,Male,7149 Hoepker Trail
772,Adam,Peters,apeterslf@ft.com,Male,6 Kensington Avenue
773,Judith,Watson,jwatsonlg@tripadvisor.com,Female,447 Autumn Leaf Place
774,Diana,Sullivan,dsullivanlh@geocities.jp,Female,18264 Waywood Point
775,Larry,Marshall,lmarshallli@hexun.com,Male,3 Mariners Cove Junction
776,Jeffrey,Wallace,jwallacelj@wunderground.com,Male,5 Shopko Drive
777,Timothy,Berry,tberrylk@ovh.net,Male,42 Knutson Alley
778,Andrew,Wheeler,awheelerll@weebly.com,Male,344 Kennedy Junction
779,Benjamin,Martin,bmartinlm@tripod.com,Male,2657 Charing Cross Alley
780,Patrick,Hill,phillln@over-blog.com,Male,043 Talisman Hill
781,Judy,Anderson,jandersonlo@indiatimes.com,Female,5 Dixon Alley
782,John,Howell,jhowelllp@apache.org,Male,8559 Dryden Pass
783,Jose,Nichols,jnicholslq@disqus.com,Male,400 Pearson Terrace
784,Barbara,Long,blonglr@storify.com,Female,33996 Sutteridge Parkway
785,Sandra,Tucker,stuckerls@whitehouse.gov,Female,940 Melvin Lane
786,Heather,Ward,hwardlt@rediff.com,Female,09603 7th Center
787,Philip,Kelly,pkellylu@merriam-webster.com,Male,75 Pine View Crossing
788,Raymond,Kim,rkimlv@jigsy.com,Male,58 Vahlen Hill
789,Deborah,Foster,dfosterlw@godaddy.com,Female,5 Village Green Park
790,Mildred,Fowler,mfowlerlx@patch.com,Female,6074 Riverside Way
791,Ann,Stevens,astevensly@ed.gov,Female,16265 Tony Hill
792,Paul,Hamilton,phamiltonlz@youtube.com,Male,08 Bobwhite Avenue
793,Chris,Willis,cwillism0@amazon.co.uk,Male,96 Evergreen Point
794,Barbara,Carr,bcarrm1@wufoo.com,Female,7760 Cherokee Crossing
795,Wayne,Parker,wparkerm2@bigcartel.com,Male,3465 Kinsman Drive
796,Joe,Oliver,joliverm3@latimes.com,Male,079 Stoughton Avenue
797,Roger,Webb,rwebbm4@storify.com,Male,859 Duke Circle
798,Keith,Hanson,khansonm5@dyndns.org,Male,64 Bultman Trail
799,Brian,Franklin,bfranklinm6@ycombinator.com,Male,423 Comanche Junction
800,Fred,Lawson,flawsonm7@amazon.com,Male,82 Tomscot Point
801,Kenneth,Stanley,kstanleym8@answers.com,Male,8373 Carpenter Avenue
802,Annie,Thomas,athomasm9@blogger.com,Female,554 Green Crossing
803,Nancy,Garrett,ngarrettma@buzzfeed.com,Female,99 Maple Avenue
804,Rebecca,Griffin,rgriffinmb@google.ru,Female,2690 Daystar Crossing
805,James,Nelson,jnelsonmc@amazon.de,Male,03751 Shelley Junction
806,Jimmy,Mitchell,jmitchellmd@skyrock.com,Male,26 Holmberg Lane
807,Jeffrey,Brooks,jbrooksme@microsoft.com,Male,4 Jana Alley
808,Phyllis,Gonzales,pgonzalesmf@fda.gov,Female,00680 Old Gate Hill
809,Nancy,Kelley,nkelleymg@vinaora.com,Female,8 Gulseth Center
810,James,Riley,jrileymh@smh.com.au,Male,737 Village Park
811,Sarah,Peterson,spetersonmi@usa.gov,Female,13472 Forster Junction
812,Tammy,Richards,trichardsmj@mysql.com,Female,2983 Di Loreto Circle
813,Gregory,Ramos,gramosmk@diigo.com,Male,905 Sugar Lane
814,Nicole,Young,nyoungml@opensource.org,Female,72507 Dahle Avenue
815,Juan,Howell,jhowellmm@etsy.com,Male,36597 Hoffman Way
816,Margaret,Tucker,mtuckermn@icio.us,Female,3 Meadow Vale Trail
817,Willie,Nelson,wnelsonmo@gmpg.org,Male,636 Fulton Park
818,Cynthia,Schmidt,cschmidtmp@seattletimes.com,Female,10 Donald Crossing
819,Virginia,Tucker,vtuckermq@constantcontact.com,Female,3286 Mcbride Plaza
820,Ruth,Collins,rcollinsmr@ox.ac.uk,Female,54 Ludington Lane
821,Julie,Murphy,jmurphyms@live.com,Female,2 Waubesa Hill
822,Eugene,Kelly,ekellymt@examiner.com,Male,9543 Roxbury Parkway
823,Timothy,Carroll,tcarrollmu@bizjournals.com,Male,97450 Orin Trail
824,Nancy,Walker,nwalkermv@usnews.com,Female,03 West Street
825,Larry,Austin,laustinmw@xinhuanet.com,Male,3265 Delladonna Circle
826,Joyce,Wallace,jwallacemx@pen.io,Female,84 Sherman Terrace
827,Carolyn,Coleman,ccolemanmy@ucoz.ru,Female,69063 Holmberg Court
828,Jack,Hart,jhartmz@tuttocitta.it,Male,746 Eagle Crest Way
829,Teresa,Hill,thilln0@ifeng.com,Female,2 Bultman Road
830,Anne,Gomez,agomezn1@marriott.com,Female,8537 Ridgeway Road
831,Philip,Medina,pmedinan2@123-reg.co.uk,Male,3 Golf Parkway
832,Lori,Harrison,lharrisonn3@japanpost.jp,Female,7390 Harper Avenue
833,Ernest,Morris,emorrisn4@alibaba.com,Male,934 Dexter Road
834,Willie,Oliver,wolivern5@cnn.com,Male,5 Larry Place
835,Joshua,Jordan,jjordann6@dmoz.org,Male,5 Continental Point
836,Frances,Mitchell,fmitchelln7@google.de,Female,963 Sutherland Circle
837,Elizabeth,George,egeorgen8@t-online.de,Female,37450 Forster Pass
838,Philip,Warren,pwarrenn9@addthis.com,Male,1 Cody Junction
839,Alan,Carpenter,acarpenterna@about.com,Male,6190 Sauthoff Trail
840,Lois,Butler,lbutlernb@dyndns.org,Female,8 Bellgrove Terrace
841,Eric,Armstrong,earmstrongnc@geocities.com,Male,286 Londonderry Road
842,Lisa,White,lwhitend@xing.com,Female,320 Lake View Circle
843,Kathy,Kelley,kkelleyne@twitpic.com,Female,211 Jenna Hill
844,Willie,Phillips,wphillipsnf@ted.com,Male,41 Dawn Terrace
845,Billy,Stephens,bstephensng@whitehouse.gov,Male,3045 Moose Terrace
846,Aaron,Weaver,aweavernh@skyrock.com,Male,4 Farwell Center
847,Billy,Willis,bwillisni@comsenz.com,Male,6312 Mayfield Terrace
848,Barbara,Nguyen,bnguyennj@dailymail.co.uk,Female,12097 Kipling Court
849,Susan,Fields,sfieldsnk@youku.com,Female,9517 Northridge Alley
850,Linda,Brown,lbrownnl@imgur.com,Female,6007 Hauk Point
851,Linda,Matthews,lmatthewsnm@seattletimes.com,Female,17 Barnett Hill
852,Jonathan,Reyes,jreyesnn@macromedia.com,Male,85 Weeping Birch Avenue
853,Lisa,Dixon,ldixonno@huffingtonpost.com,Female,10231 Mockingbird Parkway
854,Jesse,Kelly,jkellynp@networkadvertising.org,Male,502 Dahle Terrace
855,Cheryl,Taylor,ctaylornq@github.com,Female,6 Kipling Plaza
856,Kathryn,Payne,kpaynenr@woothemes.com,Female,89988 Di Loreto Lane
857,Anne,Brown,abrownns@theguardian.com,Female,24459 Delladonna Road
858,Jonathan,Watson,jwatsonnt@sakura.ne.jp,Male,6330 Manley Avenue
859,Cheryl,Green,cgreennu@epa.gov,Female,7337 Summer Ridge Terrace
860,Judith,Sims,jsimsnv@senate.gov,Female,09 Rutledge Street
861,Julie,Chavez,jchaveznw@walmart.com,Female,0 Autumn Leaf Parkway
862,Joan,Burns,jburnsnx@blinklist.com,Female,6412 Harbort Pass
863,Dorothy,Carroll,dcarrollny@wikimedia.org,Female,94 Delaware Lane
864,Barbara,Boyd,bboydnz@slate.com,Female,0597 Loftsgordon Lane
865,Nicholas,Morales,nmoraleso0@army.mil,Male,71153 Amoth Center
866,Louis,Morgan,lmorgano1@tinyurl.com,Male,79 Arapahoe Parkway
867,Antonio,Turner,aturnero2@blogspot.com,Male,26 Delaware Alley
868,Jeremy,Rose,jroseo3@imgur.com,Male,5 Harper Alley
869,Carol,Evans,cevanso4@1und1.de,Female,79114 Northview Crossing
870,Michelle,Butler,mbutlero5@edublogs.org,Female,02 Kinsman Point
871,Terry,Ramos,tramoso6@surveymonkey.com,Male,6207 Myrtle Way
872,Sara,Hamilton,shamiltono7@zimbio.com,Female,99 American Pass
873,Janet,Berry,jberryo8@github.io,Female,56750 Carpenter Plaza
874,Willie,Howard,whowardo9@prlog.org,Male,6 Clemons Circle
875,Michael,Grant,mgrantoa@dot.gov,Male,4 Carey Place
876,Carl,Watson,cwatsonob@php.net,Male,156 Center Lane
877,Rose,Porter,rporteroc@blogger.com,Female,5 Arizona Road
878,Robin,Welch,rwelchod@accuweather.com,Female,0051 Schmedeman Circle
879,Carolyn,Spencer,cspenceroe@shutterfly.com,Female,055 Debra Junction
880,Diane,Harper,dharperof@epa.gov,Female,2227 Debra Way
881,Richard,Riley,rrileyog@ocn.ne.jp,Male,14776 Mcbride Parkway
882,Joseph,Morgan,jmorganoh@imageshack.us,Male,6131 Fuller Road
883,Janet,Ellis,jellisoi@bloglovin.com,Female,9971 Pennsylvania Street
884,Jose,Cook,jcookoj@hc360.com,Male,0 Vera Plaza
885,Steve,Fields,sfieldsok@abc.net.au,Male,93289 Melvin Circle
886,Eugene,Mills,emillsol@spiegel.de,Male,99432 Green Ridge Court
887,Harry,Dean,hdeanom@arstechnica.com,Male,76344 Sloan Crossing
888,Ryan,Wagner,rwagneron@rakuten.co.jp,Male,0 Mayfield Park
889,John,Perry,jperryoo@cbc.ca,Male,72 Menomonie Avenue
890,Anne,Reyes,areyesop@plala.or.jp,Female,7779 East Pass
891,Henry,Sims,hsimsoq@smugmug.com,Male,389 Dawn Court
892,Robin,Hunt,rhuntor@timesonline.co.uk,Female,41 Clemons Terrace
893,Thomas,Howard,thowardos@techcrunch.com,Male,82124 Hagan Court
894,Russell,Kelley,rkelleyot@photobucket.com,Male,44 Nobel Hill
895,Paula,Young,pyoungou@addtoany.com,Female,61987 Tennyson Crossing
896,Dennis,Brown,dbrownov@tumblr.com,Male,80 Sundown Trail
897,William,Wilson,wwilsonow@about.com,Male,41457 Brentwood Alley
898,Billy,Grant,bgrantox@mapquest.com,Male,30 Claremont Crossing
899,Ryan,Henry,rhenryoy@blog.com,Male,9119 Little Fleur Avenue
900,Helen,Williamson,hwilliamsonoz@ucoz.ru,Female,3 Granby Hill
901,Robert,Price,rpricep0@columbia.edu,Male,653 Prairieview Street
902,Norma,Duncan,nduncanp1@mashable.com,Female,958 Gale Court
903,Jack,Perez,jperezp2@newsvine.com,Male,70396 Reindahl Drive
904,Andrew,Cruz,acruzp3@latimes.com,Male,85138 Sunbrook Court
905,Heather,Gardner,hgardnerp4@spotify.com,Female,388 Roxbury Trail
906,Cynthia,Hunter,chunterp5@networksolutions.com,Female,07522 High Crossing Avenue
907,Jesse,Jordan,jjordanp6@multiply.com,Male,528 Grover Way
908,Harold,Gilbert,hgilbertp7@state.tx.us,Male,99 Warner Trail
909,Anthony,Warren,awarrenp8@posterous.com,Male,600 Tennyson Junction
910,Virginia,Moore,vmoorep9@wix.com,Female,24408 Loftsgordon Parkway
911,Theresa,Harrison,tharrisonpa@purevolume.com,Female,40 Havey Court
912,Eric,Boyd,eboydpb@i2i.jp,Male,2 Oriole Way
913,David,Lawrence,dlawrencepc@ox.ac.uk,Male,7529 Elgar Alley
914,Kevin,Day,kdaypd@army.mil,Male,97990 Manitowish Circle
915,Doris,Taylor,dtaylorpe@shutterfly.com,Female,1076 Talisman Circle
916,Sandra,Wells,swellspf@google.ca,Female,587 Di Loreto Trail
917,Debra,Brooks,dbrookspg@home.pl,Female,32081 Meadow Valley Center
918,Patrick,Dean,pdeanph@china.com.cn,Male,3380 Fisk Trail
919,Jennifer,Taylor,jtaylorpi@digg.com,Female,8 Arizona Crossing
920,Diana,Grant,dgrantpj@umich.edu,Female,41 Artisan Point
921,Margaret,Morgan,mmorganpk@php.net,Female,46705 Browning Lane
922,Deborah,Welch,dwelchpl@com.com,Female,95 Eliot Pass
923,Pamela,Price,ppricepm@mapquest.com,Female,864 Norway Maple Park
924,Anthony,Oliver,aoliverpn@wikimedia.org,Male,9004 International Avenue
925,Alice,Gordon,agordonpo@sourceforge.net,Female,1649 Walton Plaza
926,Andrew,Smith,asmithpp@clickbank.net,Male,5147 Kenwood Plaza
927,Martha,Cooper,mcooperpq@nydailynews.com,Female,5 Londonderry Court
928,Norma,Snyder,nsnyderpr@psu.edu,Female,304 Meadow Vale Way
929,Patricia,Griffin,pgriffinps@discovery.com,Female,8346 Prentice Court
930,Donna,Perez,dperezpt@netscape.com,Female,6878 Aberg Street
931,Karen,Thompson,kthompsonpu@dyndns.org,Female,50 Schlimgen Junction
932,Thomas,Rivera,triverapv@indiegogo.com,Male,978 Buena Vista Plaza
933,Edward,Miller,emillerpw@e-recht24.de,Male,19 Fairview Center
934,Eric,Mccoy,emccoypx@abc.net.au,Male,00 Ridgeview Park
935,Pamela,Henry,phenrypy@bloglines.com,Female,6 Portage Place
936,Sharon,Wallace,swallacepz@admin.ch,Female,80598 Garrison Street
937,Jeremy,Ramirez,jramirezq0@blogger.com,Male,0760 Ohio Pass
938,Shawn,Richards,srichardsq1@livejournal.com,Male,26 Comanche Junction
939,Willie,Hansen,whansenq2@bandcamp.com,Male,4 Manitowish Center
940,Juan,Harvey,jharveyq3@nationalgeographic.com,Male,536 Melrose Way
941,Todd,Taylor,ttaylorq4@moonfruit.com,Male,64 Drewry Circle
942,Victor,Evans,vevansq5@ucoz.com,Male,54 Arapahoe Place
943,Ruby,Diaz,rdiazq6@amazon.co.jp,Female,09 Summit Road
944,Heather,Nelson,hnelsonq7@mozilla.com,Female,635 Michigan Center
945,Gary,Hernandez,ghernandezq8@i2i.jp,Male,8 Dahle Place
946,Anthony,Gonzales,agonzalesq9@mashable.com,Male,40938 Dawn Street
947,Stephen,Martin,smartinqa@springer.com,Male,988 Fair Oaks Plaza
948,Jack,Gutierrez,jgutierrezqb@cargocollective.com,Male,521 Hazelcrest Drive
949,Michelle,Alexander,malexanderqc@mapy.cz,Female,8 Stuart Park
950,Ronald,Lynch,rlynchqd@oaic.gov.au,Male,22786 Reinke Plaza
951,Shirley,Palmer,spalmerqe@hexun.com,Female,1034 Transport Parkway
952,Kimberly,Riley,krileyqf@mapquest.com,Female,0 Russell Way
953,Ralph,Morris,rmorrisqg@nytimes.com,Male,55179 Park Meadow Avenue
954,Kathryn,Harvey,kharveyqh@youtu.be,Female,7255 Becker Circle
955,Sharon,Gordon,sgordonqi@toplist.cz,Female,7 Talisman Park
956,Bonnie,Young,byoungqj@opera.com,Female,3 Goodland Circle
957,Joseph,Stone,jstoneqk@mlb.com,Male,1 Butterfield Road
958,Linda,Alexander,lalexanderql@auda.org.au,Female,8038 Little Fleur Lane
959,Theresa,Lawson,tlawsonqm@i2i.jp,Female,6 Mayfield Pass
960,Justin,Morris,jmorrisqn@cyberchimps.com,Male,08 Arizona Road
961,Carolyn,Stewart,cstewartqo@smugmug.com,Female,11 International Point
962,Paul,Ferguson,pfergusonqp@deviantart.com,Male,4286 8th Place
963,Scott,Anderson,sandersonqq@theglobeandmail.com,Male,2951 Daystar Place
964,Patrick,Carter,pcarterqr@photobucket.com,Male,2376 Vernon Point
965,Donald,Morris,dmorrisqs@nih.gov,Male,567 Weeping Birch Point
966,Harold,Duncan,hduncanqt@uol.com.br,Male,13 Fulton Court
967,Kimberly,Howell,khowellqu@nationalgeographic.com,Female,883 Rigney Park
968,Justin,Dunn,jdunnqv@wikispaces.com,Male,87 Caliangt Court
969,Ryan,Jacobs,rjacobsqw@surveymonkey.com,Male,221 East Road
970,Gerald,Jacobs,gjacobsqx@behance.net,Male,63637 Shelley Plaza
971,Stephen,Foster,sfosterqy@tinypic.com,Male,5 Glacier Hill Point
972,Lori,Snyder,lsnyderqz@slate.com,Female,3260 Almo Circle
973,Jacqueline,Brooks,jbrooksr0@java.com,Female,00 Eagle Crest Plaza
974,Stephen,Freeman,sfreemanr1@mtv.com,Male,02797 4th Place
975,Karen,Perez,kperezr2@hexun.com,Female,399 Bartelt Trail
976,Stephen,Gray,sgrayr3@wikispaces.com,Male,8174 Mayfield Drive
977,James,Hall,jhallr4@alexa.com,Male,61251 Riverside Avenue
978,Evelyn,Thompson,ethompsonr5@google.com.au,Female,825 Crest Line Park
979,Andrew,Sullivan,asullivanr6@prlog.org,Male,1266 Becker Road
980,Joseph,Daniels,jdanielsr7@bravesites.com,Male,2 Monica Alley
981,Diana,Spencer,dspencerr8@cnbc.com,Female,3925 Transport Place
982,Sean,Daniels,sdanielsr9@mac.com,Male,80 Pearson Pass
983,Judith,Hart,jhartra@reverbnation.com,Female,664 Bartelt Way
984,Melissa,Willis,mwillisrb@baidu.com,Female,4879 Bashford Road
985,Marilyn,Lopez,mlopezrc@bloomberg.com,Female,531 Daystar Plaza
986,Marilyn,Nelson,mnelsonrd@parallels.com,Female,377 Jenifer Avenue
987,Keith,Wagner,kwagnerre@trellian.com,Male,85 Forest Run Park
988,Louis,Sanders,lsandersrf@bloomberg.com,Male,273 Forest Dale Avenue
989,Amanda,Cook,acookrg@mozilla.com,Female,64094 Granby Street
990,Ashley,Miller,amillerrh@umich.edu,Female,08 Corscot Trail
991,Ruth,Greene,rgreeneri@devhub.com,Female,8 Drewry Plaza
992,Charles,Fox,cfoxrj@census.gov,Male,723 Golf Court
993,Earl,Dixon,edixonrk@last.fm,Male,740 Garrison Court
994,Patricia,Watkins,pwatkinsrl@imgur.com,Female,81 Thackeray Way
995,Jerry,Morales,jmoralesrm@google.co.uk,Male,1512 Corry Court
996,Eric,Woods,ewoodsrn@latimes.com,Male,8863 Coolidge Court
997,Mary,Arnold,marnoldro@earthlink.net,Female,0 Pond Point
998,Craig,Stevens,cstevensrp@comsenz.com,Male,67371 Cordelia Drive
999,Wanda,Woods,wwoodsrq@theglobeandmail.com,Female,4007 Farmco Street
1000,Kelly,Franklin,kfranklinrr@cbc.ca,Female,53399 Nancy Street
